id,status
9,maiores
4,distinctio
10,mollitia
9,facilis
3,odit
7,impedit
4,voluptatibus
6,quasi
10,dolore
10,aut
7,vero
8,reiciendis
3,voluptate
7,nulla
1,fugit
1,quaerat
3,aliquid
7,dolorem
5,rem
8,molestias
10,alias
6,voluptatum
5,quibusdam
6,tempore
2,quae
8,repellendus
5,quas
3,doloremque
5,error
3,sit
3,ut
10,recusandae
3,placeat
6,aut
1,maiores
5,eius
9,quod
10,in
10,suscipit
5,mollitia
8,et
9,quis
4,quia
1,odit
5,voluptatem
3,ullam
10,ducimus
7,nobis
3,accusamus
7,fuga
5,recusandae
6,dolore
1,facilis
3,harum
5,reiciendis
1,expedita
4,repellendus
1,nobis
2,aut
7,nemo
4,ducimus
10,unde
5,explicabo
1,expedita
6,deserunt
3,atque
10,rem
6,sequi
8,rem
7,quia
3,totam
1,occaecati
7,molestiae
1,culpa
8,autem
1,occaecati
2,non
10,cupiditate
9,ab
4,dolorem
5,blanditiis
10,magni
2,repellat
1,quasi
4,vitae
1,fugiat
8,nostrum
10,dolorem
1,omnis
7,ratione
6,reiciendis
6,architecto
6,distinctio
3,exercitationem
5,exercitationem
6,atque
2,aliquid
2,accusantium
4,placeat
4,non
9,quasi
10,consectetur
10,nobis
2,dignissimos
6,quisquam
1,labore
9,mollitia
2,at
4,ratione
5,sunt
2,nisi
9,dignissimos
10,iusto
8,eum
2,ad
10,et
10,dolor
9,earum
5,ipsam
2,sit
5,consequuntur
5,sit
2,veniam
1,sint
4,quia
4,dolore
1,fugit
7,laborum
9,voluptates
7,voluptate
1,quis
10,nostrum
10,deleniti
4,tempore
3,iste
8,eos
9,aperiam
9,optio
5,libero
1,placeat
6,corporis
2,id
5,delectus
8,optio
5,iusto
2,quae
1,ducimus
10,eum
2,quae
3,iure
