id,tipo
4,Provident nobis.
10,Nesciunt iusto.
2,Eius assumenda esse.
5,Maxime mollitia.
8,Eos nihil vero.
5,Id perferendis.
6,Ipsum quam.
9,Nemo nobis.
3,Expedita numquam.
6,Eum vitae sapiente.
3,Quae optio.
9,Sunt alias quae.
5,Voluptatum maiores.
5,Alias maiores ut.
5,Officiis omnis.
2,Earum deserunt sint.
9,Vitae praesentium.
10,Quae debitis ex.
3,Temporibus.
8,Quas eaque delectus.
3,Repudiandae.
5,Aperiam aperiam.
10,Totam laudantium.
9,Voluptates eum.
3,Error laboriosam.
9,Officia rerum.
5,Consectetur esse.
9,Tempora deserunt.
9,Commodi deleniti.
5,Itaque expedita.
1,Consectetur.
4,Culpa earum error.
7,Accusantium.
2,Deleniti similique.
5,Nobis fuga dicta ab.
8,Assumenda id quasi.
9,Vero delectus ut.
2,Amet unde corporis.
2,Ducimus a illum.
1,Omnis occaecati.
3,Doloremque rerum.
10,Ullam explicabo.
3,Modi cupiditate.
8,Ex asperiores quas.
2,Esse repudiandae.
6,Excepturi magni.
7,Minus minima eum.
9,Harum velit ducimus.
1,Perferendis dolorem.
1,Voluptates deserunt.
8,A minima eius porro.
1,Aperiam quam.
7,Itaque laboriosam.
6,Voluptas voluptas.
8,Enim cum.
1,Occaecati eveniet.
9,Vero suscipit.
1,Odio nesciunt.
7,Distinctio quidem.
2,Quod a nam pariatur.
4,Iusto ipsum officia.
2,Consequuntur.
2,Eius optio eos.
5,Dignissimos.
10,Repellendus.
2,Rerum distinctio.
3,Aliquid occaecati.
4,Officiis voluptas.
2,Sit necessitatibus.
6,Ab adipisci.
10,Libero maiores ab.
1,Molestiae beatae.
2,Modi est veniam.
2,Corrupti fuga.
2,Necessitatibus.
8,Cumque neque.
10,Et nemo sed.
2,Voluptatibus.
5,Ipsum quia error.
5,Exercitationem.
1,Fugiat consectetur.
3,Quaerat non odio.
5,Et repellendus.
8,Deleniti enim.
7,Aliquid quis.
8,Temporibus sunt.
7,Debitis iure.
5,In reiciendis sint.
10,Optio aperiam.
8,Repellat laborum.
7,Incidunt nam illo.
4,Ea nulla aperiam.
4,Nam quas nulla nemo.
8,Quia assumenda.
6,Rem nam cumque quam.
3,Ut necessitatibus.
6,Explicabo.
7,Consequuntur quidem.
4,Ea sed sapiente in.
10,Veniam eos eos.
10,Eveniet officiis.
4,Corrupti nihil iste.
7,Aut perspiciatis.
9,Suscipit assumenda.
9,Ducimus quisquam.
10,Vitae eum quod cum.
10,Nisi autem.
10,Impedit adipisci.
10,Facere optio ut.
5,Fuga quos ex quam.
4,Itaque aliquam.
9,Porro tenetur.
10,Laudantium minima.
5,Dolorem maxime.
8,Quis ex voluptas.
9,Deleniti dolores.
10,Veritatis placeat.
4,Commodi tenetur.
1,Tempore accusamus.
6,Rerum voluptatem.
8,In enim quam ullam.
5,Tenetur.
10,Repudiandae natus.
1,Incidunt libero.
3,Minima fugit vitae.
8,Nemo quae culpa.
1,Blanditiis sed.
2,Atque dolorem non.
2,Eum nisi temporibus.
2,Repudiandae vel.
5,Non aliquam atque.
3,Eaque officiis.
10,A quo nihil est.
6,Accusamus quidem.
9,Numquam molestias.
1,Ipsam ullam culpa.
3,Porro voluptates.
7,Doloribus.
5,Perferendis.
7,Ad natus soluta.
4,Ipsam illo magnam.
10,Temporibus.
8,Ratione ex harum.
6,Dolore eius.
1,Dolore amet.
1,Quia aliquam veniam.
8,Eos aliquam.
1,Perspiciatis quasi.
10,Provident.
3,Cupiditate tempora.
